"MULTILINESTRING ((0.8835 41.5571, 0.8834 41.5571, 0.8834 41.5571, 0.8834 41.5571, 0.8834 41.5571, 0.8834 41.5571, 0.8834 41.5571, 0.8834 41.5571, 0.8834 41.5571, 0.8834 41.5571, 0.8834 41.5571, 0.8834 41.5571, 0.8834 41.5571, 0.8834 41.5571, 0.8834 41.5571, 0.8834 41.5571, 0.8834 41.5571, 0.8834 41.5571, 0.8834 41.5571, 0.8834 41.5571, 0.8834 41.5571, 0.8834 41.5571, 0.8834 41.5571, 0.8834 41.5571, 0.8834 41.5571, 0.8834 41.5572, 0.8834 41.5572, 0.8834 41.5572, 0.8834 41.5572, 0.8834 41.5572, 0.8834 41.5572, 0.8834 41.5572, 0.8834 41.5572, 0.8834 41.5572, 0.8834 41.5572, 0.8834 41.5572, 0.8834 41.5572, 0.8834 41.5572, 0.8834 41.5572, 0.8834 41.5572, 0.8834 41.5572, 0.8834 41.5572, 0.8834 41.5572, 0.8834 41.5572, 0.8834 41.5572, 0.8834 41.5572, 0.8834 41.5572, 0.8834 41.5572, 0.8834 41.5572, 0.8835 41.5574, 0.8836 41.5576, 0.8836 41.5577, 0.8836 41.5578, 0.8836 41.558, 0.8837 41.5583, 0.8838 41.5587, 0.8838 41.5589, 0.8839 41.559, 0.8839 41.5592, 0.8839 41.5594, 0.884 41.5597, 0.884 41.5598, 0.884 41.56, 0.884 41.5602, 0.884 41.5603, 0.8839 41.5604, 0.8839 41.5606, 0.8838 41.5608, 0.8836 41.5613, 0.8836 41.5615, 0.8834 41.5619, 0.8832 41.5623, 0.8831 41.5627, 0.8829 41.563, 0.8828 41.5632, 0.8827 41.5635, 0.8827 41.5635, 0.8827 41.5635, 0.8827 41.5635, 0.8827 41.5635, 0.8827 41.5635, 0.8827 41.5635, 0.8827 41.5635, 0.8827 41.5635, 0.8827 41.5635, 0.8827 41.5635, 0.8827 41.5635, 0.8827 41.5635, 0.8827 41.5635, 0.8827 41.5635, 0.8827 41.5635, 0.8827 41.5635, 0.8827 41.5635, 0.8827 41.5635, 0.8827 41.5635, 0.8827 41.5635, 0.8827 41.5635, 0.8827 41.5635, 0.8827 41.5635, 0.8827 41.5635, 0.8827 41.5635, 0.8827 41.5635, 0.8827 41.5635, 0.8827 41.5635, 0.8827 41.5635, 0.8827 41.5635, 0.8827 41.5635, 0.8827 41.5635, 0.8827 41.5635, 0.8827 41.5635, 0.8827 41.5635, 0.8827 41.5635, 0.8827 41.5635, 0.8827 41.5635, 0.8827 41.5635, 0.8827 41.5635, 0.8827 41.5635, 0.8827 41.5635, 0.8827 41.5635, 0.8827 41.5635, 0.8827 41.5635, 0.8827 41.5635, 0.8827 41.5635))",MR-25180PE0003-25180PE0004,CTTI,6c20,MR,731,CTTI
"MULTILINESTRING ((0.8835 41.5571, 0.8834 41.5571, 0.8834 41.5571, 0.8834 41.5571, 0.8834 41.5571, 0.8834 41.5571, 0.8834 41.5571, 0.8834 41.5571, 0.8834 41.5571, 0.8834 41.5571, 0.8834 41.5571, 0.8834 41.5571, 0.8834 41.5571, 0.8834 41.5571, 0.8834 41.5571, 0.8834 41.5571, 0.8834 41.5571, 0.8834 41.5571, 0.8834 41.5571, 0.8834 41.5571, 0.8834 41.5571, 0.8834 41.5571, 0.8834 41.5571, 0.8834 41.5571, 0.8834 41.5571, 0.8834 41.5571, 0.8834 41.5571, 0.8834 41.5571, 0.8834 41.5571, 0.8834 41.5571, 0.8834 41.5571, 0.8834 41.5571, 0.8834 41.5571, 0.8834 41.5571, 0.8834 41.5571, 0.8834 41.5571, 0.8834 41.5571, 0.8834 41.5571, 0.8834 41.5571, 0.8834 41.5571, 0.8834 41.5571, 0.8834 41.5571, 0.8834 41.5571, 0.8834 41.5571, 0.8834 41.5571, 0.8834 41.5571, 0.8834 41.5571, 0.8834 41.5571, 0.8834 41.5571, 0.8834 41.557, 0.8834 41.5569, 0.8833 41.5568, 0.8833 41.5568, 0.8833 41.5566, 0.8833 41.5565, 0.8833 41.5564, 0.8832 41.5562, 0.8832 41.5561, 0.8831 41.5559, 0.8831 41.5557, 0.8831 41.5556, 0.883 41.5554, 0.883 41.5552, 0.883 41.5552, 0.8829 41.5548, 0.8829 41.5546, 0.8828 41.5545, 0.8828 41.5543, 0.8828 41.5542, 0.8827 41.5541, 0.8827 41.5541, 0.8827 41.5541, 0.8827 41.5541, 0.8827 41.554, 0.8827 41.554, 0.8827 41.554, 0.8827 41.554, 0.8827 41.5539, 0.8827 41.5539, 0.8827 41.5539, 0.8827 41.5538, 0.8828 41.5538, 0.8828 41.5538, 0.8828 41.5537, 0.8828 41.5537, 0.8829 41.5536, 0.8829 41.5536, 0.883 41.5535, 0.883 41.5535, 0.8831 41.5534, 0.8833 41.5533, 0.8834 41.5532, 0.8834 41.5532, 0.8835 41.5531, 0.8836 41.553, 0.8837 41.553, 0.8837 41.553, 0.8837 41.553, 0.8837 41.553, 0.8837 41.553, 0.8837 41.553, 0.8837 41.553, 0.8837 41.553, 0.8837 41.553, 0.8837 41.553, 0.8837 41.553, 0.8837 41.553, 0.8837 41.553, 0.8837 41.553, 0.8837 41.553, 0.8837 41.553, 0.8837 41.553, 0.8837 41.553, 0.8837 41.553, 0.8837 41.553, 0.8837 41.553, 0.8837 41.553, 0.8837 41.553, 0.8837 41.553, 0.8837 41.553, 0.8837 41.553, 0.8837 41.553, 0.8837 41.553, 0.8837 41.553, 0.8837 41.553, 0.8837 41.553, 0.8837 41.553, 0.8837 41.553, 0.8837 41.553, 0.8837 41.553, 0.8837 41.553, 0.8837 41.553, 0.8837 41.553, 0.8837 41.553, 0.8837 41.553, 0.8837 41.553, 0.8837 41.553, 0.8837 41.553, 0.8837 41.553, 0.8837 41.553, 0.8837 41.553, 0.8837 41.553))",MR-25180PE0004-25180PE0005,CTTI,6c20,MR,497,CTTI
"MULTILINESTRING ((0.879 41.5295, 0.879 41.5295, 0.879 41.5295, 0.879 41.5295, 0.879 41.5295, 0.8792 41.5296, 0.8795 41.5298, 0.8797 41.5298, 0.8802 41.5301, 0.8807 41.5303, 0.881 41.5304, 0.8812 41.5305, 0.8815 41.5307, 0.8817 41.5308, 0.8819 41.5309, 0.8823 41.5311, 0.8824 41.5311, 0.8826 41.5312, 0.8828 41.5313, 0.8831 41.5314, 0.8832 41.5315, 0.8834 41.5315, 0.8839 41.5318, 0.8842 41.5319, 0.8844 41.532, 0.8845 41.5321, 0.8847 41.5321, 0.885 41.5323, 0.8852 41.5324, 0.8854 41.5325, 0.8856 41.5326, 0.8857 41.5327, 0.8858 41.5327, 0.8858 41.5328, 0.8858 41.5328, 0.8858 41.5328, 0.8858 41.5328, 0.8858 41.5328, 0.8858 41.5328, 0.8858 41.5328, 0.8858 41.5328, 0.8858 41.5328, 0.8858 41.5328, 0.8858 41.5328, 0.8858 41.5328, 0.8858 41.5328, 0.8859 41.5328, 0.8859 41.5328, 0.8859 41.5328, 0.8859 41.5328, 0.8859 41.5328, 0.8859 41.5328, 0.8859 41.5328, 0.8859 41.5328, 0.8859 41.5328, 0.8859 41.5328, 0.8859 41.5328, 0.8859 41.5328, 0.8859 41.5328, 0.8859 41.5328, 0.8859 41.5328, 0.8859 41.5328, 0.8859 41.5328, 0.8859 41.5328, 0.8859 41.5328, 0.8859 41.5328, 0.8859 41.5328, 0.8859 41.5328, 0.8859 41.5328, 0.8859 41.5328, 0.8859 41.5328, 0.8859 41.5328, 0.8859 41.5328, 0.8859 41.5328, 0.8859 41.5328, 0.8859 41.5328, 0.8859 41.5328, 0.8859 41.5328, 0.8859 41.5328, 0.8859 41.5328, 0.8859 41.5328, 0.8859 41.5328, 0.8859 41.5328, 0.8859 41.5328, 0.8859 41.5328, 0.8859 41.5328, 0.8859 41.5328, 0.8859 41.5328, 0.8859 41.5328, 0.8859 41.5328, 0.8859 41.5328, 0.8859 41.5328, 0.8859 41.5328, 0.8859 41.5328, 0.8859 41.5328, 0.8859 41.5328, 0.8859 41.5328, 0.8859 41.5328, 0.8859 41.5328, 0.8859 41.5328, 0.8859 41.5328, 0.8859 41.5328))",MR-25058PE0001-25058PE0002,CTTI,6c20,MR,681,CTTI
"MULTILINESTRING ((0.8767 41.5749, 0.8767 41.5749, 0.8767 41.5749, 0.8767 41.5749, 0.8767 41.5749, 0.8767 41.5749, 0.8767 41.5749, 0.8767 41.5749, 0.8767 41.5749, 0.8767 41.5749, 0.8767 41.5749, 0.8767 41.5749, 0.8767 41.5749, 0.8767 41.5749, 0.8767 41.5749, 0.8767 41.5749, 0.8767 41.5749, 0.8767 41.5748, 0.8767 41.5748, 0.8767 41.5748, 0.8767 41.5748, 0.8767 41.5748, 0.8767 41.5748, 0.8767 41.5748, 0.8767 41.5748, 0.8767 41.5748, 0.8767 41.5748, 0.8767 41.5748, 0.8767 41.5748, 0.8767 41.5748, 0.8767 41.5748, 0.8767 41.5748, 0.8767 41.5748, 0.8767 41.5748, 0.8767 41.5748, 0.8767 41.5748, 0.8767 41.5748, 0.8767 41.5748, 0.8767 41.5748, 0.8767 41.5748, 0.8767 41.5748, 0.8767 41.5748, 0.8767 41.5748, 0.8767 41.5748, 0.8767 41.5748, 0.8767 41.5748, 0.8767 41.5748, 0.8767 41.5748, 0.8767 41.5748, 0.8768 41.5745, 0.8768 41.5743, 0.8769 41.5741, 0.8769 41.5741, 0.8769 41.5739, 0.8769 41.5738, 0.8769 41.5737, 0.8769 41.5735, 0.8769 41.5734, 0.8769 41.5729, 0.8769 41.5728, 0.8769 41.5726, 0.8769 41.5724, 0.8769 41.5723, 0.8769 41.5721, 0.877 41.5719, 0.877 41.5717, 0.8771 41.5714, 0.8772 41.5711, 0.8772 41.5709, 0.8773 41.5707, 0.8774 41.5703, 0.8775 41.57, 0.8776 41.5698, 0.8777 41.5696, 0.8778 41.5693, 0.878 41.5691, 0.8781 41.5689, 0.8782 41.5687, 0.8783 41.5685, 0.8784 41.5684, 0.8785 41.5682, 0.8787 41.568, 0.8788 41.5679, 0.8791 41.5677, 0.8791 41.5676, 0.8791 41.5676, 0.8791 41.5676, 0.8791 41.5676, 0.8791 41.5676, 0.8791 41.5676, 0.8791 41.5676, 0.8791 41.5676, 0.8791 41.5676, 0.8791 41.5676, 0.8791 41.5676, 0.8791 41.5676, 0.8791 41.5676, 0.8791 41.5676, 0.8791 41.5676, 0.8791 41.5676, 0.8791 41.5676, 0.8791 41.5676, 0.8791 41.5676, 0.8791 41.5676, 0.8791 41.5676, 0.8791 41.5676, 0.8791 41.5676, 0.8791 41.5676, 0.8791 41.5676, 0.8791 41.5676, 0.8791 41.5676, 0.8791 41.5676, 0.8791 41.5676, 0.8791 41.5676, 0.8791 41.5676, 0.8791 41.5676, 0.8791 41.5676, 0.8791 41.5676, 0.8791 41.5676, 0.8791 41.5676, 0.8791 41.5676, 0.8791 41.5676, 0.8791 41.5676, 0.8792 41.5676, 0.8792 41.5676, 0.8792 41.5676, 0.8792 41.5676, 0.8792 41.5676, 0.8792 41.5676, 0.8792 41.5676, 0.8792 41.5676, 0.8792 41.5676))",MR-25180PE0001-25180PE0002,CTTI,6c20,MR,849,CTTI
"MULTILINESTRING ((0.8891 41.5511, 0.889 41.551, 0.889 41.551, 0.889 41.551, 0.889 41.551, 0.889 41.551, 0.889 41.551, 0.889 41.551, 0.889 41.551, 0.889 41.551, 0.889 41.551, 0.889 41.551, 0.889 41.551, 0.889 41.551, 0.889 41.551, 0.889 41.551, 0.889 41.551, 0.889 41.551, 0.889 41.551, 0.889 41.551, 0.889 41.551, 0.889 41.551, 0.889 41.551, 0.889 41.551, 0.8891 41.551, 0.8891 41.5508, 0.8891 41.5508, 0.8891 41.5507, 0.8891 41.5507, 0.8891 41.5506, 0.8891 41.5506, 0.889 41.5505, 0.8889 41.5504, 0.8888 41.5502, 0.8888 41.5502, 0.8888 41.5501, 0.8888 41.5501, 0.8888 41.5501, 0.8888 41.55, 0.8888 41.55, 0.8888 41.5499, 0.8888 41.5498, 0.8888 41.5497, 0.8888 41.5497, 0.8888 41.5496, 0.8888 41.5495, 0.8889 41.5493, 0.8889 41.5492, 0.889 41.5491, 0.889 41.549, 0.889 41.5489, 0.8891 41.5488, 0.8891 41.5487, 0.8891 41.5486, 0.8891 41.5485, 0.8892 41.5483, 0.8892 41.5482, 0.8892 41.548, 0.8892 41.5479, 0.8893 41.5477, 0.8893 41.5476, 0.8893 41.5474, 0.8893 41.5472, 0.8893 41.5471, 0.8894 41.5467, 0.8894 41.5464, 0.8894 41.5462, 0.8894 41.5461, 0.8894 41.5459, 0.8895 41.5458, 0.8896 41.5456, 0.8896 41.5455, 0.8896 41.5455, 0.8896 41.5455, 0.8896 41.5455, 0.8896 41.5455, 0.8896 41.5455, 0.8896 41.5455, 0.8896 41.5455, 0.8896 41.5455, 0.8897 41.5455, 0.8897 41.5455, 0.8897 41.5455, 0.8897 41.5454, 0.8897 41.5454, 0.8897 41.5454, 0.8897 41.5454, 0.8897 41.5454, 0.8897 41.5454, 0.8897 41.5454, 0.8897 41.5454, 0.8897 41.5454, 0.8897 41.5454, 0.8897 41.5454, 0.8897 41.5454, 0.8897 41.5454, 0.8897 41.5454, 0.8897 41.5454, 0.8897 41.5454, 0.8897 41.5454, 0.8897 41.5454, 0.8897 41.5454, 0.8897 41.5454, 0.8897 41.5454, 0.8897 41.5454, 0.8897 41.5454, 0.8897 41.5454, 0.8897 41.5454, 0.8897 41.5454, 0.8897 41.5454, 0.8897 41.5454, 0.8897 41.5454, 0.8897 41.5454, 0.8897 41.5454, 0.8897 41.5454, 0.8897 41.5454, 0.8897 41.5454))",MR-25180PE0006-25180PE0007,CTTI,6c20,MR,649,CTTI
"MULTILINESTRING ((0.8837 41.553, 0.8837 41.553, 0.8837 41.553, 0.8837 41.553, 0.8837 41.553, 0.8837 41.553, 0.8837 41.553, 0.8837 41.553, 0.8837 41.553, 0.8837 41.553, 0.8837 41.553, 0.8837 41.553, 0.8837 41.553, 0.8837 41.553, 0.8837 41.553, 0.8837 41.553, 0.8837 41.553, 0.8837 41.553, 0.8837 41.553, 0.8837 41.553, 0.8837 41.553, 0.8837 41.553, 0.8837 41.553, 0.8837 41.553, 0.8837 41.553, 0.8837 41.553, 0.8837 41.553, 0.8837 41.553, 0.8837 41.553, 0.8837 41.553, 0.8837 41.553, 0.8837 41.553, 0.8837 41.553, 0.8837 41.553, 0.8837 41.553, 0.8837 41.553, 0.8837 41.553, 0.8837 41.553, 0.8837 41.553, 0.8837 41.553, 0.8837 41.553, 0.8837 41.553, 0.8837 41.553, 0.8837 41.553, 0.8837 41.553, 0.8837 41.553, 0.8837 41.553, 0.8837 41.553, 0.8837 41.553, 0.8838 41.553, 0.8839 41.5529, 0.884 41.5529, 0.8843 41.5527, 0.8844 41.5527, 0.8846 41.5526, 0.8849 41.5525, 0.8851 41.5524, 0.8854 41.5523, 0.8856 41.5522, 0.8859 41.552, 0.8861 41.552, 0.8862 41.5519, 0.8862 41.5519, 0.8863 41.5519, 0.8864 41.5518, 0.8866 41.5518, 0.8868 41.5517, 0.8869 41.5517, 0.8871 41.5516, 0.8871 41.5516, 0.8871 41.5516, 0.8872 41.5516, 0.8873 41.5516, 0.8875 41.5515, 0.8876 41.5515, 0.8879 41.5515, 0.888 41.5514, 0.888 41.5514, 0.8883 41.5514, 0.8889 41.5513, 0.8889 41.5513, 0.8889 41.5513, 0.8889 41.5513, 0.8889 41.5513, 0.8889 41.5513, 0.8889 41.5513, 0.8889 41.5513, 0.8889 41.5513, 0.8889 41.5513, 0.8889 41.5513, 0.8889 41.5513, 0.8889 41.5513, 0.8889 41.5513, 0.8889 41.5513, 0.8889 41.5513, 0.8889 41.5513, 0.8889 41.5513, 0.8889 41.5513, 0.8889 41.5513, 0.8889 41.5513, 0.8889 41.5513, 0.8889 41.5513, 0.8889 41.5513, 0.8889 41.5513, 0.8889 41.5513, 0.8889 41.5513, 0.8889 41.5513, 0.8889 41.5513, 0.8889 41.5513, 0.8889 41.5513, 0.8889 41.5513, 0.8889 41.5513, 0.8889 41.5513, 0.8889 41.5513, 0.8889 41.5513, 0.8889 41.5513, 0.8889 41.5513, 0.8889 41.5513, 0.8889 41.5513, 0.8889 41.5513, 0.8889 41.5513, 0.8889 41.5513, 0.8889 41.5513, 0.8889 41.5513, 0.8889 41.5513, 0.8889 41.5513, 0.8889 41.5513, 0.8889 41.5513, 0.8889 41.5513, 0.8889 41.5513, 0.8889 41.5513, 0.8889 41.5513, 0.8889 41.5513, 0.8889 41.5513, 0.8889 41.5513, 0.8889 41.5513, 0.8889 41.5513, 0.8889 41.5513, 0.889 41.5513, 0.889 41.5513, 0.889 41.5513, 0.889 41.5513, 0.889 41.5513, 0.889 41.5513, 0.889 41.5513, 0.889 41.5513, 0.889 41.5513, 0.889 41.5513, 0.889 41.5512, 0.889 41.5512, 0.889 41.5512, 0.889 41.5512, 0.889 41.5512, 0.889 41.5512, 0.889 41.5512, 0.889 41.5512, 0.889 41.5512, 0.889 41.5512, 0.889 41.5512, 0.889 41.5512, 0.889 41.5512, 0.889 41.5512, 0.889 41.5512, 0.889 41.5512, 0.889 41.5512, 0.889 41.5512, 0.889 41.5512, 0.889 41.5512, 0.889 41.5512, 0.889 41.5512, 0.889 41.5512, 0.889 41.5512, 0.889 41.5512, 0.889 41.5512, 0.889 41.5512, 0.889 41.5512, 0.889 41.5512, 0.889 41.5512, 0.889 41.5512, 0.8891 41.5511))",MR-25180PE0005-25180PE0006,CTTI,6c20,MR,502,CTTI
"MULTILINESTRING ((0.8796 41.606, 0.8796 41.606, 0.8798 41.6061, 0.8801 41.6062, 0.8802 41.6063, 0.8805 41.6064, 0.8805 41.6064, 0.8805 41.6064, 0.8805 41.6064, 0.8805 41.6064, 0.8805 41.6064, 0.8805 41.6064, 0.8805 41.6064, 0.8805 41.6064, 0.8805 41.6064, 0.8805 41.6064, 0.8805 41.6064, 0.8805 41.6064, 0.8805 41.6064, 0.8805 41.6064, 0.8805 41.6064, 0.8805 41.6064, 0.8805 41.6064, 0.8805 41.6064, 0.8805 41.6064, 0.8805 41.6064, 0.8805 41.6064, 0.8805 41.6064, 0.8805 41.6064, 0.8805 41.6064, 0.8805 41.6064, 0.8805 41.6064, 0.8805 41.6064, 0.8805 41.6064, 0.8805 41.6064, 0.8805 41.6064, 0.8805 41.6064, 0.8805 41.6064, 0.8805 41.6064, 0.8805 41.6064, 0.8805 41.6064, 0.8805 41.6064, 0.8805 41.6064, 0.8805 41.6064, 0.8805 41.6064, 0.8805 41.6064, 0.8805 41.6064, 0.8805 41.6064, 0.8805 41.6064, 0.8805 41.6064, 0.8805 41.6064, 0.8805 41.6064))",MR-25135PE0008-25135PE0009,CTTI,6c20,MR,90,CTTI
"MULTILINESTRING ((0.8805 41.6064, 0.8809 41.6062, 0.8813 41.6061, 0.8815 41.606, 0.8817 41.606, 0.882 41.6059, 0.8822 41.6059, 0.8822 41.6059, 0.8822 41.6059, 0.8822 41.6059, 0.8822 41.6059, 0.8822 41.6059, 0.8822 41.6059, 0.8822 41.6059, 0.8822 41.6059, 0.8822 41.6059, 0.8822 41.6059, 0.8826 41.6057, 0.8826 41.6057, 0.8827 41.6057, 0.8827 41.6057, 0.8827 41.6057, 0.8827 41.6057, 0.8827 41.6057, 0.8827 41.6057, 0.8827 41.6057, 0.8827 41.6057, 0.8827 41.6057, 0.8827 41.6057, 0.8827 41.6057, 0.8827 41.6057, 0.8827 41.6057, 0.8827 41.6057, 0.8827 41.6057, 0.8827 41.6057, 0.8827 41.6057, 0.8827 41.6057, 0.8831 41.6057, 0.8832 41.6056, 0.8833 41.6056, 0.8838 41.6056, 0.8842 41.6056, 0.8846 41.6056, 0.8847 41.6055, 0.8849 41.6055, 0.885 41.6055, 0.885 41.6055, 0.885 41.6055, 0.885 41.6055, 0.8851 41.6055, 0.8851 41.6055, 0.8851 41.6055, 0.8851 41.6055, 0.8851 41.6055, 0.8851 41.6054, 0.8852 41.6054, 0.8852 41.6054, 0.8852 41.6054, 0.8852 41.6054, 0.8852 41.6054, 0.8852 41.6054, 0.8852 41.6054, 0.8852 41.6054, 0.8852 41.6054, 0.8852 41.6054, 0.8852 41.6054, 0.8852 41.6054, 0.8852 41.6054, 0.8852 41.6054, 0.8852 41.6054, 0.8852 41.6054, 0.8852 41.6054, 0.8852 41.6054, 0.8852 41.6054, 0.8852 41.6054, 0.8852 41.6054, 0.8852 41.6054, 0.8852 41.6054, 0.8852 41.6054, 0.8852 41.6054, 0.8852 41.6054, 0.8852 41.6054, 0.8852 41.6054, 0.8852 41.6054, 0.8852 41.6054, 0.8852 41.6054, 0.8852 41.6054, 0.8852 41.6054, 0.8852 41.6054, 0.8852 41.6054, 0.8852 41.6054, 0.8852 41.6054, 0.8852 41.6054, 0.8852 41.6054, 0.8852 41.6054, 0.8852 41.6054, 0.8852 41.6054, 0.8852 41.6054, 0.8852 41.6054, 0.8852 41.6054, 0.8852 41.6054, 0.8852 41.6054, 0.8852 41.6054, 0.8852 41.6054, 0.8852 41.6054, 0.8852 41.6054, 0.8852 41.6054, 0.8852 41.6054, 0.8852 41.6054))",MR-25135PE0007-25135PE0008,CTTI,6c20,MR,420,CTTI
"MULTILINESTRING ((0.873 41.5234, 0.8731 41.5235, 0.8731 41.5235, 0.8731 41.5235, 0.8731 41.5235, 0.8731 41.5235, 0.8731 41.5235, 0.8731 41.5236, 0.8731 41.5236, 0.8731 41.5236, 0.8731 41.5236, 0.8731 41.5236, 0.8731 41.5236, 0.8731 41.5236, 0.8731 41.5236, 0.8731 41.5236, 0.8731 41.5236, 0.8731 41.5236, 0.8731 41.5236, 0.8731 41.5236, 0.8731 41.5236, 0.8731 41.5236, 0.8731 41.5236, 0.8731 41.5236, 0.8731 41.5236, 0.8731 41.5236, 0.8731 41.5236, 0.8731 41.5236, 0.8731 41.5236, 0.8731 41.5236, 0.8731 41.5236, 0.8731 41.5236, 0.8731 41.5236, 0.8731 41.5236, 0.8731 41.5236, 0.8731 41.5236, 0.8731 41.5236, 0.8731 41.5236, 0.8731 41.5236, 0.8731 41.5236, 0.8731 41.5236, 0.8731 41.5236, 0.8731 41.5236, 0.8731 41.5236, 0.8731 41.5236, 0.8731 41.5236, 0.8731 41.5236, 0.8731 41.5236, 0.8731 41.5236, 0.8731 41.5236, 0.8731 41.5236, 0.8731 41.5236, 0.8731 41.5236, 0.8731 41.5236, 0.8731 41.5236, 0.8731 41.5236, 0.8732 41.5236, 0.8732 41.5236, 0.8732 41.5236, 0.8732 41.5236, 0.8732 41.5236, 0.8732 41.5236, 0.8732 41.5236, 0.8732 41.5236, 0.8732 41.5236, 0.8732 41.5236, 0.8732 41.5236, 0.8732 41.5236, 0.8732 41.5236, 0.8732 41.5236, 0.8732 41.5236, 0.8732 41.5236, 0.8732 41.5236, 0.8732 41.5236, 0.8732 41.5236, 0.8732 41.5236, 0.8732 41.5236, 0.8732 41.5236, 0.8732 41.5236, 0.8732 41.5236, 0.8732 41.5236, 0.8732 41.5236, 0.8732 41.5236, 0.8732 41.5236, 0.8732 41.5236, 0.8732 41.5236, 0.8732 41.5236, 0.8732 41.5236, 0.8732 41.5236, 0.8732 41.5236, 0.8732 41.5236, 0.8732 41.5236, 0.8732 41.5236, 0.8732 41.5236, 0.8732 41.5236, 0.8732 41.5236, 0.8732 41.5236, 0.8732 41.5236, 0.8732 41.5236, 0.8732 41.5236, 0.8732 41.5236, 0.8732 41.5236, 0.8732 41.5236, 0.8732 41.5236, 0.8732 41.5236, 0.8732 41.5236, 0.8732 41.5236, 0.8732 41.5236, 0.8732 41.5236, 0.8732 41.5236, 0.8732 41.5236))",CC-25058PE0005-25058CI0006,CTTI,6c20,CC,27,CTTI
"MULTILINESTRING ((0.8735 41.524, 0.8735 41.524, 0.8735 41.524, 0.8735 41.524, 0.8735 41.524, 0.8735 41.524, 0.8735 41.524, 0.8735 41.524, 0.8735 41.524, 0.8735 41.524, 0.8735 41.524, 0.8735 41.524, 0.8735 41.524, 0.8735 41.524, 0.8735 41.524, 0.8735 41.524, 0.8735 41.524, 0.8735 41.524, 0.8735 41.524, 0.8735 41.524, 0.8735 41.524, 0.8735 41.524, 0.8735 41.524, 0.8735 41.524, 0.8735 41.524, 0.8735 41.524, 0.8735 41.524, 0.8735 41.524, 0.8735 41.524, 0.8735 41.524, 0.8735 41.524, 0.8735 41.524, 0.8735 41.524, 0.8735 41.524, 0.8735 41.524, 0.8735 41.524, 0.8735 41.524, 0.8735 41.524, 0.8735 41.524, 0.8735 41.524, 0.8735 41.524, 0.8735 41.524, 0.8735 41.524, 0.8735 41.524, 0.8735 41.524, 0.8735 41.524, 0.8735 41.524, 0.8735 41.524, 0.8735 41.524, 0.8735 41.524, 0.8735 41.524, 0.8735 41.524, 0.8735 41.524, 0.8735 41.524, 0.8735 41.524, 0.8735 41.524, 0.8735 41.5241, 0.8735 41.5241, 0.8735 41.5241, 0.8735 41.5241, 0.8735 41.5241, 0.8735 41.5241, 0.8735 41.5241, 0.8735 41.5241, 0.8735 41.5241, 0.8735 41.5242, 0.8735 41.5242, 0.8736 41.5243, 0.8737 41.5243, 0.8737 41.5244, 0.8737 41.5244, 0.8738 41.5245, 0.8739 41.5247, 0.874 41.5248, 0.8741 41.5249, 0.8741 41.5249, 0.8741 41.5249, 0.8741 41.5249, 0.8741 41.5249, 0.8741 41.525, 0.8741 41.525, 0.8741 41.525, 0.8741 41.525, 0.8741 41.525, 0.874 41.5251, 0.874 41.5251, 0.874 41.5251, 0.874 41.5251, 0.874 41.5251, 0.874 41.5251, 0.874 41.5251, 0.874 41.5251, 0.874 41.5251, 0.874 41.5251, 0.874 41.5251, 0.874 41.5251, 0.874 41.5251, 0.874 41.5251, 0.874 41.5251, 0.874 41.5251, 0.874 41.5251, 0.874 41.5251, 0.874 41.5251, 0.874 41.5251, 0.874 41.5251, 0.874 41.5251, 0.874 41.5251, 0.874 41.5251, 0.874 41.5251, 0.874 41.5251, 0.874 41.5251, 0.874 41.5251, 0.874 41.5251, 0.874 41.5251, 0.874 41.5251, 0.874 41.5251, 0.874 41.5251, 0.874 41.5251, 0.874 41.5251, 0.874 41.5251, 0.874 41.5251, 0.874 41.5251, 0.874 41.5251, 0.874 41.5251, 0.874 41.5251, 0.874 41.5251, 0.874 41.5251, 0.874 41.5251, 0.874 41.5251, 0.874 41.5251, 0.874 41.5251, 0.874 41.5251, 0.874 41.5251, 0.874 41.5251, 0.874 41.5251, 0.874 41.5251, 0.8741 41.5251, 0.8741 41.5251, 0.8741 41.5251, 0.8741 41.5251, 0.8741 41.5251, 0.8741 41.5251, 0.8741 41.5251, 0.8741 41.5251, 0.8741 41.5251, 0.8741 41.5251, 0.8741 41.5251, 0.8741 41.5251, 0.8741 41.5251, 0.8741 41.5251, 0.8741 41.5251, 0.8741 41.5251, 0.8741 41.5251, 0.8741 41.5251, 0.8741 41.5251, 0.8741 41.5251, 0.8741 41.5251, 0.8741 41.5251, 0.8741 41.5251, 0.8741 41.5251, 0.8741 41.5251, 0.8741 41.5251, 0.8741 41.5251, 0.8741 41.5251, 0.8741 41.5251, 0.8741 41.5251, 0.8741 41.5251, 0.8741 41.5251, 0.8741 41.5251, 0.8741 41.5251, 0.8741 41.5251))",MR-25058PE0003-25058PE0004,CTTI,6c20,MR,140,CTTI
"MULTILINESTRING ((0.8741 41.5251, 0.8741 41.5251, 0.8741 41.5252, 0.8741 41.5252, 0.8741 41.5252, 0.8741 41.5252, 0.8741 41.5253, 0.8741 41.5253, 0.8741 41.5253, 0.8741 41.5254, 0.8741 41.5254, 0.8742 41.5254, 0.8742 41.5254, 0.8742 41.5254, 0.8742 41.5255, 0.8743 41.5255, 0.8743 41.5255, 0.8743 41.5255, 0.8743 41.5256, 0.8744 41.5256, 0.8744 41.5257, 0.8744 41.5257, 0.8746 41.5258, 0.8748 41.526, 0.8749 41.5261, 0.875 41.5262, 0.8752 41.5263, 0.8753 41.5265, 0.8755 41.5268, 0.8759 41.5271, 0.8761 41.5275, 0.8763 41.5277, 0.8764 41.5278, 0.8766 41.528, 0.8767 41.5281, 0.8768 41.5283, 0.8769 41.5283, 0.8769 41.5284, 0.877 41.5285, 0.8771 41.5285, 0.8771 41.5285, 0.8772 41.5286, 0.8773 41.5287, 0.8774 41.5287, 0.8775 41.5288, 0.8777 41.5289, 0.8778 41.529, 0.8781 41.5291, 0.8783 41.5292, 0.8788 41.5294, 0.879 41.5295, 0.879 41.5295, 0.879 41.5295, 0.879 41.5295, 0.879 41.5295, 0.879 41.5295, 0.879 41.5295, 0.879 41.5295, 0.879 41.5295))",MR-25058PE0002-25058PE0003,CTTI,6c20,MR,658,CTTI
"MULTILINESTRING ((0.8835 41.6115, 0.8834 41.6115, 0.8834 41.6115, 0.8834 41.6115, 0.8834 41.6115, 0.8834 41.6115, 0.8834 41.6115, 0.8834 41.6115, 0.8834 41.6115, 0.8834 41.6115, 0.8834 41.6115, 0.8834 41.6115, 0.8834 41.6115, 0.8834 41.6115, 0.8834 41.6115, 0.8834 41.6115, 0.8834 41.6115, 0.8834 41.6115, 0.8834 41.6115, 0.8834 41.6115, 0.8834 41.6115, 0.8834 41.6115, 0.8834 41.6115, 0.8834 41.6115, 0.8834 41.6115, 0.8834 41.6115, 0.8834 41.6115, 0.8834 41.6115, 0.8834 41.6115, 0.8834 41.6115, 0.8834 41.6115, 0.8834 41.6115, 0.8834 41.6115, 0.8834 41.6115, 0.8834 41.6115, 0.8834 41.6115, 0.8834 41.6115, 0.8834 41.6115, 0.8834 41.6115, 0.8834 41.6115, 0.8834 41.6115, 0.8834 41.6115, 0.8834 41.6115, 0.8834 41.6115, 0.8834 41.6115, 0.8834 41.6115, 0.8834 41.6115, 0.8834 41.6115, 0.8834 41.6115, 0.8834 41.6115, 0.8834 41.6115, 0.8834 41.6115, 0.8834 41.6115, 0.8834 41.6115, 0.8834 41.6115, 0.8834 41.6115, 0.8834 41.6115, 0.8834 41.6115, 0.8834 41.6115, 0.8834 41.6116, 0.8834 41.6116, 0.8834 41.6116, 0.8834 41.6116, 0.8834 41.6116, 0.8834 41.6116, 0.8834 41.6116, 0.8834 41.6116, 0.8834 41.6116, 0.8834 41.6117, 0.8834 41.6117, 0.8835 41.6117, 0.8835 41.6117, 0.8835 41.6117, 0.8835 41.6118, 0.8836 41.6119, 0.8838 41.6121, 0.8839 41.6123, 0.884 41.6125, 0.8842 41.6127, 0.8843 41.6129, 0.8844 41.613, 0.8845 41.6132, 0.8846 41.6133, 0.8847 41.6134, 0.8849 41.6137, 0.885 41.6139, 0.8851 41.6141, 0.8852 41.6142, 0.8853 41.6144, 0.8855 41.6145, 0.8857 41.6148, 0.8858 41.615, 0.8859 41.6152, 0.8861 41.6154, 0.8861 41.6155, 0.8862 41.6156, 0.8863 41.6156, 0.8865 41.6159, 0.8866 41.6161, 0.8868 41.6164, 0.8869 41.6166, 0.887 41.6167, 0.8871 41.6168, 0.8873 41.6172, 0.8873 41.6172, 0.8873 41.6172, 0.8873 41.6172, 0.8873 41.6172, 0.8873 41.6172, 0.8873 41.6172, 0.8873 41.6172, 0.8873 41.6172, 0.8873 41.6172, 0.8873 41.6172, 0.8873 41.6172, 0.8873 41.6172, 0.8873 41.6172, 0.8873 41.6172, 0.8873 41.6172, 0.8873 41.6172, 0.8873 41.6172, 0.8873 41.6172, 0.8873 41.6172, 0.8873 41.6172, 0.8873 41.6172, 0.8873 41.6172, 0.8873 41.6172, 0.8873 41.6172, 0.8873 41.6172, 0.8873 41.6172, 0.8873 41.6172, 0.8873 41.6172, 0.8873 41.6172, 0.8873 41.6172, 0.8873 41.6172, 0.8873 41.6172, 0.8873 41.6172, 0.8873 41.6172, 0.8873 41.6172, 0.8873 41.6172, 0.8873 41.6172, 0.8873 41.6172, 0.8873 41.6172, 0.8874 41.6172))",MR-25137PE0041-25135PE0001,CTTI,6c20,MR,724,CTTI
"MULTILINESTRING ((0.8736 41.5172, 0.8736 41.5172, 0.8736 41.5172, 0.8736 41.5172, 0.8736 41.5172, 0.8736 41.5172, 0.8736 41.5172, 0.8736 41.5172, 0.8736 41.5172, 0.8736 41.5172, 0.8736 41.5172, 0.8736 41.5172, 0.8736 41.5172, 0.8736 41.5172, 0.8736 41.5172, 0.8736 41.5172, 0.8736 41.5172, 0.8736 41.5172, 0.8736 41.5172, 0.8736 41.5172, 0.8736 41.5172, 0.8736 41.5172, 0.8736 41.5172, 0.8736 41.5172, 0.8736 41.5172, 0.8736 41.5172, 0.8736 41.5172, 0.8736 41.5172, 0.8736 41.5172, 0.8736 41.5172, 0.8736 41.5172, 0.8736 41.5172, 0.8736 41.5172, 0.8736 41.5172, 0.8736 41.5172, 0.8736 41.5172, 0.8737 41.5172, 0.8737 41.5172, 0.8737 41.5172, 0.8737 41.5172, 0.8737 41.5172, 0.8737 41.5172, 0.8737 41.5172, 0.8737 41.5172, 0.8737 41.5172, 0.8737 41.5172, 0.8737 41.5172, 0.8737 41.5172, 0.8737 41.5172, 0.8737 41.5172, 0.8737 41.5172, 0.8737 41.5172, 0.8737 41.5172, 0.8737 41.5172, 0.8737 41.5172, 0.8737 41.5172, 0.8737 41.5172, 0.8737 41.5172, 0.8737 41.5172, 0.8737 41.5172, 0.8737 41.5172, 0.8737 41.5172, 0.8737 41.5171, 0.8737 41.5171, 0.8737 41.5171, 0.8737 41.5171, 0.8737 41.5171, 0.8737 41.5171, 0.8739 41.517, 0.8739 41.517, 0.8739 41.517, 0.8739 41.517, 0.8739 41.517, 0.8739 41.517, 0.8739 41.517, 0.8739 41.517, 0.8739 41.517, 0.8739 41.517, 0.8739 41.517, 0.8739 41.517, 0.8739 41.517, 0.8739 41.517, 0.8739 41.517, 0.8739 41.517, 0.8739 41.517, 0.8739 41.517, 0.8739 41.517, 0.8739 41.517, 0.8739 41.517, 0.8739 41.517, 0.8739 41.517, 0.8739 41.517, 0.8739 41.517, 0.8739 41.517, 0.8739 41.517, 0.8739 41.517, 0.8739 41.517, 0.8739 41.517, 0.8739 41.517, 0.8739 41.517, 0.8739 41.517, 0.8739 41.517, 0.8739 41.517, 0.8739 41.517, 0.8739 41.517, 0.8739 41.517, 0.8739 41.517, 0.8739 41.517, 0.8739 41.517, 0.8739 41.517, 0.8739 41.517, 0.8739 41.517, 0.8739 41.517, 0.8739 41.517, 0.8739 41.517, 0.8739 41.517))",MR-25058PE0014-25058PE0015,CTTI,6c20,MR,37,CTTI
"MULTILINESTRING ((0.8755 41.5152, 0.8755 41.5152, 0.8755 41.5152, 0.8755 41.5152, 0.8755 41.5152, 0.8755 41.5152, 0.8755 41.5152, 0.8755 41.5152, 0.8755 41.5152, 0.8755 41.5152, 0.8755 41.5152, 0.8755 41.5152, 0.8755 41.5152, 0.8755 41.5152, 0.8755 41.5152, 0.8755 41.5152, 0.8755 41.5152, 0.8755 41.5152, 0.8755 41.5152, 0.8755 41.5152, 0.8755 41.5152, 0.8755 41.5152, 0.8755 41.5152, 0.8755 41.5152, 0.8755 41.5152, 0.8755 41.5152, 0.8755 41.5152, 0.8755 41.5152, 0.8755 41.5152, 0.8755 41.5152, 0.8755 41.5152, 0.8755 41.5152, 0.8755 41.5152, 0.8755 41.5152, 0.8755 41.5152, 0.8755 41.5152, 0.8755 41.5152, 0.8755 41.5152, 0.8755 41.5152, 0.8755 41.5152, 0.8755 41.5152, 0.8755 41.5152, 0.8755 41.5152, 0.8755 41.5152, 0.8755 41.5152, 0.8755 41.5152, 0.8755 41.5152, 0.8755 41.5152, 0.8755 41.5152, 0.8759 41.5148, 0.8765 41.5142, 0.877 41.5136, 0.8771 41.5135, 0.8772 41.5134, 0.8773 41.5132, 0.8774 41.5132, 0.8774 41.5132, 0.8774 41.5132, 0.8775 41.5131, 0.8775 41.5131, 0.8776 41.5131, 0.8776 41.5131, 0.8776 41.5131, 0.8777 41.5131, 0.8777 41.5131, 0.8777 41.5131, 0.8777 41.5131, 0.8777 41.5131, 0.8777 41.5131, 0.8777 41.5131, 0.8777 41.5131, 0.8777 41.5131, 0.8777 41.5131, 0.8777 41.5131, 0.8777 41.5131, 0.8777 41.5131, 0.8777 41.5131, 0.8777 41.5131, 0.8777 41.5131, 0.8777 41.5131, 0.8777 41.5131, 0.8777 41.5131, 0.8777 41.5131, 0.8777 41.5131, 0.8777 41.5131, 0.8777 41.5131, 0.8777 41.5131, 0.8777 41.5131, 0.8777 41.5131, 0.8777 41.5131, 0.8777 41.5131, 0.8777 41.5131, 0.8777 41.5131, 0.8777 41.5131, 0.8777 41.5131, 0.8777 41.5131, 0.8777 41.5131, 0.8777 41.5131, 0.8777 41.5131, 0.8777 41.5131, 0.8777 41.5131, 0.8777 41.5131, 0.8777 41.5131, 0.8777 41.5131, 0.8777 41.5131, 0.8777 41.5131))",MR-25058PE0016-25058PE0017,CTTI,6c20,MR,305,CTTI
"MULTILINESTRING ((0.8693 41.5209, 0.8693 41.5209, 0.8694 41.5209))",MR-25058PE0009-25058PE0010,CTTI,6c20,MR,9,CTTI
"MULTILINESTRING ((0.8694 41.5209, 0.8694 41.5209, 0.8694 41.5209, 0.8694 41.5209, 0.8694 41.5209, 0.8694 41.5209, 0.8694 41.5209, 0.8694 41.5209, 0.8694 41.5209, 0.8693 41.5209, 0.8693 41.5209, 0.8693 41.5209, 0.8693 41.5209, 0.8693 41.5209, 0.8693 41.5209, 0.8693 41.5209, 0.8693 41.5209, 0.8693 41.5209, 0.8693 41.5209, 0.8693 41.5209, 0.8693 41.5209, 0.8693 41.5209, 0.8693 41.5209, 0.8693 41.5209, 0.8693 41.5209, 0.8693 41.5209, 0.8693 41.5209, 0.8693 41.5209, 0.8693 41.5209, 0.8693 41.5209, 0.8693 41.5209, 0.8693 41.5209, 0.8693 41.5209, 0.8693 41.5209, 0.8693 41.5209, 0.8693 41.5209, 0.8693 41.5209, 0.8693 41.5209, 0.8693 41.5209, 0.8693 41.521, 0.8693 41.521, 0.8693 41.521, 0.8693 41.521, 0.8693 41.521, 0.8693 41.521, 0.8693 41.521, 0.8693 41.521, 0.8693 41.521, 0.8693 41.521, 0.8694 41.5211, 0.8695 41.5213, 0.8695 41.5214, 0.8695 41.5215, 0.8696 41.5216, 0.8696 41.5217, 0.8696 41.5217, 0.8696 41.5217, 0.8696 41.5217, 0.8696 41.5217, 0.8696 41.5218, 0.8696 41.5218, 0.8696 41.5218, 0.8696 41.5218, 0.8696 41.5218, 0.8696 41.5218, 0.8696 41.5218, 0.8696 41.5218, 0.8696 41.5218, 0.8696 41.5218, 0.8696 41.5218, 0.8696 41.5218, 0.8696 41.5218, 0.8696 41.5218, 0.8696 41.5218, 0.8696 41.5218, 0.8696 41.5218, 0.8696 41.5218, 0.8696 41.5218, 0.8696 41.5218, 0.8696 41.5218, 0.8696 41.5218, 0.8696 41.5218, 0.8696 41.5218, 0.8696 41.5218, 0.8696 41.5218, 0.8696 41.5218, 0.8696 41.5218, 0.8696 41.5218, 0.8696 41.5218, 0.8696 41.5218, 0.8696 41.5218, 0.8696 41.5218, 0.8696 41.5218, 0.8696 41.5218, 0.8696 41.5218, 0.8696 41.5218, 0.8696 41.5218, 0.8696 41.5218, 0.8696 41.5218, 0.8696 41.5218, 0.8696 41.5218, 0.8697 41.5218, 0.8697 41.5218, 0.8697 41.5218, 0.8697 41.5218, 0.8697 41.5218, 0.8697 41.5218, 0.8697 41.5218))",MR-25058PE0008-25058PE0009,CTTI,6c20,MR,99,CTTI
"MULTILINESTRING ((0.8692 41.5205, 0.8692 41.5206, 0.8692 41.5206, 0.8692 41.5206, 0.8692 41.5206, 0.8692 41.5206, 0.8692 41.5206, 0.8692 41.5206, 0.8692 41.5206, 0.8692 41.5206, 0.8692 41.5206, 0.8692 41.5206, 0.8692 41.5206, 0.8692 41.5206, 0.8692 41.5206, 0.8692 41.5206, 0.8692 41.5206, 0.8692 41.5206, 0.8692 41.5206, 0.8692 41.5206, 0.8692 41.5206, 0.8692 41.5206, 0.8692 41.5206, 0.8692 41.5206, 0.8692 41.5206, 0.8692 41.5206, 0.8692 41.5206, 0.8693 41.5209, 0.8693 41.5209, 0.8693 41.5209, 0.8693 41.5209, 0.8693 41.5209, 0.8693 41.5209, 0.8693 41.5209, 0.8693 41.5209, 0.8693 41.5209, 0.8693 41.5209, 0.8693 41.5209, 0.8693 41.5209, 0.8693 41.5209, 0.8693 41.5209, 0.8693 41.5209, 0.8693 41.5209, 0.8693 41.5209, 0.8693 41.5209, 0.8693 41.5209, 0.8693 41.5209, 0.8693 41.5209, 0.8693 41.5209, 0.8693 41.5209, 0.8693 41.5209, 0.8693 41.5209, 0.8693 41.5209, 0.8693 41.5209, 0.8693 41.5209, 0.8693 41.5209, 0.8693 41.5209, 0.8693 41.5209, 0.8693 41.5209, 0.8693 41.5209, 0.8693 41.5209, 0.8693 41.5209, 0.8693 41.5209, 0.8693 41.5209, 0.8693 41.5209, 0.8693 41.5209, 0.8693 41.5209, 0.8693 41.5209, 0.8693 41.5209, 0.8693 41.5209, 0.8693 41.5209, 0.8693 41.5209, 0.8693 41.5209, 0.8694 41.5209, 0.8694 41.5209))",MR-25058PE0009-25058PE0011,CTTI,6c20,MR,45,CTTI
"MULTILINESTRING ((0.8692 41.5205, 0.8693 41.5205, 0.8693 41.5205, 0.8693 41.5205, 0.8693 41.5205, 0.8693 41.5205, 0.8693 41.5205, 0.8693 41.5205, 0.8693 41.5205, 0.8693 41.5205, 0.8693 41.5205, 0.8693 41.5205, 0.8693 41.5205, 0.8693 41.5205, 0.8693 41.5205, 0.8693 41.5205, 0.8693 41.5205, 0.8693 41.5205, 0.8693 41.5205, 0.8693 41.5205, 0.8693 41.5205, 0.8693 41.5205, 0.8693 41.5205, 0.8693 41.5205, 0.8693 41.5205, 0.8693 41.5205, 0.8693 41.5205, 0.8693 41.5205, 0.8693 41.5205, 0.8693 41.5205, 0.8693 41.5205, 0.8693 41.5205, 0.8693 41.5205, 0.8693 41.5205, 0.8693 41.5205, 0.8693 41.5205, 0.8693 41.5205, 0.8693 41.5205, 0.8693 41.5205, 0.8693 41.5205, 0.8693 41.5205, 0.8693 41.5205, 0.8693 41.5205, 0.8693 41.5205, 0.8693 41.5205, 0.8693 41.5205, 0.8693 41.5205, 0.8693 41.5205, 0.8693 41.5205, 0.8694 41.5205, 0.8694 41.5205, 0.8695 41.5205, 0.8696 41.5205, 0.8696 41.5205, 0.8696 41.5205, 0.8696 41.5205, 0.8696 41.5205, 0.8697 41.5205, 0.8697 41.5204, 0.8698 41.5204, 0.8699 41.5204, 0.87 41.5204, 0.8702 41.5203, 0.8703 41.5203, 0.8705 41.5203, 0.8705 41.5202, 0.8706 41.5202, 0.8707 41.5202, 0.8707 41.5202, 0.8708 41.5201, 0.8708 41.5201, 0.8708 41.5201, 0.8709 41.5201, 0.8709 41.52, 0.871 41.52, 0.871 41.52, 0.8711 41.5199, 0.8712 41.5198, 0.8712 41.5198, 0.8712 41.5198, 0.8713 41.5198, 0.8713 41.5197, 0.8713 41.5197, 0.8713 41.5197, 0.8713 41.5197, 0.8713 41.5197, 0.8713 41.5197, 0.8713 41.5197, 0.8713 41.5197, 0.8713 41.5197, 0.8713 41.5197, 0.8713 41.5197, 0.8713 41.5197, 0.8713 41.5197, 0.8713 41.5197, 0.8713 41.5197, 0.8713 41.5197, 0.8713 41.5197, 0.8713 41.5197, 0.8713 41.5197, 0.8713 41.5197, 0.8713 41.5197, 0.8713 41.5197, 0.8713 41.5197, 0.8713 41.5197, 0.8713 41.5197, 0.8713 41.5197, 0.8713 41.5197, 0.8713 41.5197, 0.8713 41.5197, 0.8713 41.5197, 0.8713 41.5197, 0.8714 41.5197, 0.8714 41.5197, 0.8714 41.5197, 0.8714 41.5197, 0.8714 41.5197, 0.8714 41.5197, 0.8714 41.5197, 0.8714 41.5197, 0.8714 41.5197, 0.8714 41.5197, 0.8714 41.5197, 0.8714 41.5197, 0.8714 41.5197, 0.8714 41.5197, 0.8714 41.5197))",MR-25058PE0011-25058PE0012,CTTI,6c20,MR,210,CTTI
"MULTILINESTRING ((0.8725 41.5227, 0.8725 41.5227, 0.8725 41.5227, 0.8725 41.5226, 0.8725 41.5226, 0.8725 41.5226, 0.8725 41.5226, 0.8725 41.5226, 0.8725 41.5226, 0.8725 41.5226, 0.8725 41.5226, 0.8725 41.5226, 0.8725 41.5226, 0.8725 41.5226, 0.8725 41.5226, 0.8725 41.5226, 0.8725 41.5226, 0.8725 41.5226, 0.8725 41.5226, 0.8725 41.5226, 0.8725 41.5226, 0.8725 41.5226, 0.8725 41.5226, 0.8725 41.5226, 0.8725 41.5226, 0.8725 41.5226, 0.8725 41.5226, 0.8725 41.5226, 0.8725 41.5226, 0.8725 41.5226, 0.8725 41.5226, 0.8725 41.5226, 0.8725 41.5226, 0.8725 41.5226, 0.8725 41.5226, 0.8725 41.5226, 0.8725 41.5226, 0.8725 41.5226, 0.8725 41.5226, 0.8725 41.5226, 0.8725 41.5226, 0.8725 41.5226, 0.8725 41.5226, 0.8725 41.5226, 0.8725 41.5226, 0.8725 41.5226, 0.8725 41.5226, 0.8725 41.5226, 0.8725 41.5226, 0.8725 41.5226, 0.8725 41.5226, 0.8725 41.5226, 0.8725 41.5226, 0.8725 41.5226, 0.8725 41.5226, 0.8725 41.5226, 0.8725 41.5226, 0.8725 41.5226, 0.8725 41.5226, 0.8725 41.5226, 0.8725 41.5226, 0.8725 41.5226, 0.8725 41.5226, 0.8725 41.5226, 0.8717 41.5224, 0.8711 41.5222, 0.8708 41.5221, 0.8701 41.5219, 0.8698 41.5218, 0.8698 41.5218, 0.8697 41.5218, 0.8697 41.5218, 0.8697 41.5218, 0.8697 41.5218, 0.8697 41.5218, 0.8697 41.5218, 0.8697 41.5218, 0.8697 41.5218, 0.8697 41.5218, 0.8697 41.5218, 0.8697 41.5218, 0.8697 41.5218, 0.8697 41.5218, 0.8697 41.5218, 0.8697 41.5218, 0.8697 41.5218, 0.8697 41.5218, 0.8697 41.5218, 0.8697 41.5218, 0.8697 41.5218, 0.8697 41.5218, 0.8697 41.5218, 0.8697 41.5218, 0.8697 41.5218, 0.8697 41.5218, 0.8697 41.5218, 0.8697 41.5218, 0.8697 41.5218, 0.8697 41.5218, 0.8697 41.5218, 0.8697 41.5218, 0.8697 41.5218, 0.8697 41.5218, 0.8697 41.5218, 0.8697 41.5218, 0.8697 41.5218, 0.8697 41.5218, 0.8697 41.5218, 0.8697 41.5218, 0.8697 41.5218, 0.8697 41.5218, 0.8697 41.5218, 0.8697 41.5218, 0.8697 41.5218, 0.8697 41.5218, 0.8697 41.5218, 0.8697 41.5218, 0.8697 41.5218, 0.8697 41.5218, 0.8697 41.5218, 0.8697 41.5218, 0.8697 41.5218, 0.8697 41.5218, 0.8697 41.5218, 0.8697 41.5218, 0.8697 41.5218, 0.8697 41.5218, 0.8697 41.5218, 0.8697 41.5218, 0.8697 41.5218, 0.8697 41.5218, 0.8697 41.5218, 0.8697 41.5218, 0.8697 41.5218, 0.8697 41.5218, 0.8697 41.5218, 0.8697 41.5218, 0.8697 41.5218))",MR-25058PE0007-25058PE0008,CTTI,6c20,MR,264,CTTI
"MULTILINESTRING ((0.8714 41.5197, 0.8714 41.5197, 0.8714 41.5196, 0.8714 41.5196, 0.8714 41.5196, 0.8714 41.5196, 0.8714 41.5196, 0.8714 41.5196, 0.8714 41.5196, 0.8714 41.5196, 0.8714 41.5196, 0.8714 41.5196, 0.8714 41.5196, 0.8714 41.5196, 0.8714 41.5196, 0.8714 41.5196, 0.8714 41.5196, 0.8714 41.5196, 0.8714 41.5196, 0.8714 41.5196, 0.8714 41.5196, 0.8714 41.5196, 0.8714 41.5196, 0.8714 41.5196, 0.8714 41.5196, 0.8714 41.5196, 0.8714 41.5196, 0.8714 41.5196, 0.8714 41.5196, 0.8714 41.5196, 0.8714 41.5196, 0.8714 41.5196, 0.8714 41.5196, 0.8714 41.5196, 0.8714 41.5196, 0.8714 41.5196, 0.8714 41.5196, 0.8714 41.5196, 0.8714 41.5196, 0.8714 41.5196, 0.8714 41.5196, 0.8714 41.5196, 0.8714 41.5196, 0.8714 41.5196, 0.8714 41.5196, 0.8714 41.5196, 0.8714 41.5196, 0.8714 41.5196, 0.8714 41.5196, 0.8714 41.5196, 0.8714 41.5196, 0.8715 41.5195, 0.8717 41.5192, 0.8718 41.5192, 0.872 41.5189, 0.8721 41.5188, 0.8722 41.5187, 0.8723 41.5185, 0.8724 41.5185, 0.8724 41.5185, 0.8724 41.5185, 0.8724 41.5185, 0.8724 41.5185, 0.8724 41.5185, 0.8724 41.5185, 0.8724 41.5185, 0.8724 41.5185, 0.8724 41.5185, 0.8724 41.5185, 0.8724 41.5185, 0.8724 41.5185, 0.8724 41.5185, 0.8724 41.5185, 0.8724 41.5185, 0.8724 41.5184, 0.8724 41.5184, 0.8724 41.5184, 0.8724 41.5184, 0.8724 41.5184, 0.8724 41.5184, 0.8724 41.5184, 0.8724 41.5184, 0.8724 41.5184, 0.8724 41.5184, 0.8724 41.5184, 0.8724 41.5184, 0.8724 41.5184, 0.8724 41.5184, 0.8724 41.5184, 0.8724 41.5184, 0.8724 41.5184, 0.8724 41.5184, 0.8724 41.5184, 0.8724 41.5184, 0.8724 41.5184, 0.8724 41.5184, 0.8724 41.5184, 0.8724 41.5184, 0.8724 41.5184, 0.8724 41.5184, 0.8724 41.5184, 0.8724 41.5184, 0.8724 41.5184, 0.8724 41.5184, 0.8724 41.5184, 0.8724 41.5184, 0.8724 41.5184, 0.8724 41.5184, 0.8724 41.5184, 0.8724 41.5184))",MR-25058PE0012-25058PE0013,CTTI,6c20,MR,162,CTTI
"MULTILINESTRING ((0.8724 41.5184, 0.8724 41.5184, 0.8724 41.5184, 0.8724 41.5184, 0.8724 41.5184, 0.8724 41.5184, 0.8724 41.5184, 0.8724 41.5184, 0.8724 41.5184, 0.8724 41.5184, 0.8724 41.5184, 0.8724 41.5184, 0.8724 41.5184, 0.8724 41.5184, 0.8724 41.5184, 0.8724 41.5184, 0.8724 41.5184, 0.8724 41.5184, 0.8724 41.5184, 0.8724 41.5184, 0.8724 41.5184, 0.8724 41.5184, 0.8724 41.5184, 0.8724 41.5184, 0.8724 41.5184, 0.8724 41.5184, 0.8724 41.5184, 0.8724 41.5184, 0.8724 41.5184, 0.8724 41.5184, 0.8724 41.5184, 0.8724 41.5184, 0.8724 41.5184, 0.8724 41.5184, 0.8724 41.5184, 0.8724 41.5184, 0.8724 41.5184, 0.8724 41.5184, 0.8724 41.5184, 0.8724 41.5184, 0.8724 41.5184, 0.8724 41.5184, 0.8724 41.5184, 0.8724 41.5184, 0.8724 41.5184, 0.8724 41.5184, 0.8724 41.5184, 0.8724 41.5184, 0.8724 41.5184, 0.8724 41.5184, 0.8724 41.5184, 0.8724 41.5184, 0.8724 41.5184, 0.8727 41.5181, 0.8728 41.518, 0.8731 41.5177, 0.8731 41.5177, 0.8732 41.5176, 0.8735 41.5172, 0.8735 41.5172, 0.8735 41.5172, 0.8735 41.5172, 0.8735 41.5172, 0.8735 41.5172, 0.8735 41.5172, 0.8735 41.5172, 0.8735 41.5172, 0.8735 41.5172, 0.8735 41.5172, 0.8735 41.5172, 0.8735 41.5172, 0.8735 41.5172, 0.8735 41.5172, 0.8735 41.5172, 0.8735 41.5172, 0.8735 41.5172, 0.8735 41.5172, 0.8735 41.5172, 0.8735 41.5172, 0.8735 41.5172, 0.8735 41.5172, 0.8735 41.5172, 0.8735 41.5172, 0.8735 41.5172, 0.8735 41.5172, 0.8735 41.5172, 0.8735 41.5172, 0.8735 41.5172, 0.8735 41.5172, 0.8735 41.5172, 0.8735 41.5172, 0.8735 41.5172, 0.8735 41.5172, 0.8735 41.5172, 0.8735 41.5172, 0.8735 41.5172, 0.8735 41.5172, 0.8735 41.5172, 0.8735 41.5172, 0.8735 41.5172, 0.8735 41.5172, 0.8735 41.5172, 0.8736 41.5172, 0.8736 41.5172))",MR-25058PE0013-25058PE0014,CTTI,6c20,MR,170,CTTI
"MULTILINESTRING ((0.8899 41.6327, 0.8899 41.6326, 0.8899 41.6326, 0.8899 41.6325, 0.8899 41.6324, 0.8899 41.6324, 0.8899 41.6323, 0.8899 41.6323, 0.8899 41.6322, 0.8899 41.6321))",MR-25137PE0023-25137PE0024,CTTI,6c20,MR,72,CTTI
"MULTILINESTRING ((0.89 41.6318, 0.89 41.6318, 0.89 41.6318, 0.89 41.6318, 0.89 41.6318, 0.89 41.6318, 0.89 41.6318, 0.89 41.6318, 0.89 41.6318, 0.89 41.6318, 0.89 41.6318, 0.89 41.6318, 0.89 41.6318, 0.89 41.6318, 0.89 41.6318, 0.89 41.6318, 0.89 41.6318, 0.89 41.6318, 0.89 41.6318, 0.89 41.6318, 0.89 41.6318, 0.89 41.6318, 0.89 41.6318, 0.89 41.6318, 0.89 41.6318, 0.89 41.6318, 0.89 41.6318, 0.89 41.6318, 0.89 41.6318, 0.89 41.6318, 0.89 41.6318, 0.89 41.6318, 0.89 41.6318, 0.89 41.6318, 0.89 41.6318, 0.89 41.6318, 0.89 41.6318, 0.89 41.6318, 0.89 41.6318, 0.89 41.6318, 0.89 41.6318, 0.89 41.6318, 0.89 41.6318, 0.89 41.6318, 0.89 41.6318, 0.89 41.6318, 0.89 41.6318, 0.89 41.6318, 0.89 41.6316, 0.89 41.6315, 0.89 41.6309, 0.89 41.6308, 0.8901 41.6302, 0.8901 41.63, 0.8901 41.63, 0.8901 41.63, 0.8901 41.63, 0.8901 41.63, 0.8901 41.63, 0.8901 41.63, 0.8901 41.63, 0.8901 41.63, 0.8901 41.63, 0.8901 41.63, 0.8901 41.63, 0.8901 41.63, 0.8901 41.63, 0.8901 41.63, 0.8901 41.63, 0.8901 41.63, 0.8901 41.63, 0.8901 41.63, 0.8901 41.63, 0.8901 41.63, 0.8901 41.63, 0.8901 41.63, 0.8901 41.63, 0.8901 41.63, 0.8901 41.63, 0.8901 41.63, 0.8901 41.63, 0.8901 41.63, 0.8901 41.63, 0.8901 41.63, 0.8901 41.63, 0.8901 41.63, 0.8901 41.63, 0.8901 41.63, 0.8901 41.63, 0.8901 41.63, 0.8901 41.63, 0.8901 41.63, 0.8901 41.63, 0.8901 41.63, 0.8901 41.63, 0.8901 41.63, 0.8901 41.63, 0.8901 41.63, 0.8901 41.63, 0.8901 41.63, 0.8901 41.63, 0.8901 41.63))",MR-25137PE0025-25137PE0026,CTTI,6c20,MR,198,CTTI
"MULTILINESTRING ((0.8899 41.6274, 0.89 41.6278, 0.89 41.628, 0.8901 41.6281, 0.8901 41.6283, 0.8902 41.6287, 0.8902 41.6289, 0.8902 41.6289, 0.8902 41.6289, 0.8902 41.6292, 0.8902 41.6295, 0.8901 41.6295, 0.8901 41.6295, 0.8901 41.6295, 0.8901 41.6295, 0.8901 41.6295, 0.8901 41.6295, 0.8901 41.6295, 0.8901 41.6295, 0.8901 41.6295, 0.8901 41.6295, 0.8901 41.6295, 0.8901 41.6295, 0.8901 41.6295, 0.8901 41.6295, 0.8901 41.6295, 0.8901 41.6295, 0.8901 41.6295, 0.8901 41.6295, 0.8901 41.6295, 0.8901 41.6295, 0.8901 41.6295, 0.8901 41.6295, 0.8901 41.6295, 0.8901 41.6295, 0.8901 41.6295, 0.8901 41.6295, 0.8901 41.6295, 0.8901 41.6295, 0.8901 41.6295, 0.8901 41.6295, 0.8901 41.6295, 0.8901 41.6295, 0.8901 41.6295, 0.8901 41.6295, 0.8901 41.6296, 0.8901 41.6296, 0.8901 41.6296, 0.8901 41.6296, 0.8901 41.6296, 0.8901 41.6296, 0.8901 41.6296, 0.8901 41.6296, 0.8901 41.6296, 0.8901 41.6296, 0.8901 41.6296, 0.8901 41.6296, 0.8901 41.6296, 0.8901 41.6296))",MR-25137PE0027-25137PE0028,CTTI,6c20,MR,245,CTTI
"MULTILINESTRING ((0.8897 41.6273, 0.8898 41.6273, 0.8898 41.6273, 0.8898 41.6273, 0.8898 41.6273, 0.8898 41.6273, 0.8898 41.6273, 0.8898 41.6273, 0.8898 41.6273, 0.8898 41.6273, 0.8898 41.6273, 0.8898 41.6273, 0.8898 41.6273, 0.8898 41.6273, 0.8898 41.6273, 0.8898 41.6273, 0.8898 41.6273, 0.8898 41.6273, 0.8898 41.6273, 0.8899 41.6273, 0.8899 41.6273, 0.8899 41.6273, 0.8899 41.6273, 0.8899 41.6273, 0.8899 41.6273, 0.8899 41.6273, 0.8899 41.6273, 0.8899 41.6273, 0.8899 41.6273, 0.8899 41.6273, 0.8899 41.6273, 0.8899 41.6273, 0.8899 41.6273, 0.8899 41.6273, 0.8899 41.6273, 0.8899 41.6273, 0.8899 41.6273, 0.8899 41.6273, 0.8899 41.6273, 0.8899 41.6273, 0.8899 41.6273, 0.8899 41.6273, 0.8899 41.6273, 0.8899 41.6273, 0.8899 41.6273, 0.8899 41.6273, 0.8899 41.6273, 0.8899 41.6273, 0.8899 41.6273, 0.8899 41.6273, 0.8899 41.6274, 0.8899 41.6274, 0.8899 41.6274, 0.8899 41.6274, 0.8899 41.6274, 0.8899 41.6274, 0.8899 41.6274, 0.8899 41.6274, 0.8899 41.6274, 0.8899 41.6274, 0.8899 41.6274, 0.8899 41.6274, 0.8899 41.6274, 0.8899 41.6274, 0.8899 41.6274, 0.8899 41.6274, 0.8899 41.6274, 0.8899 41.6274, 0.8899 41.6274, 0.8899 41.6274, 0.8899 41.6274, 0.8899 41.6274, 0.8899 41.6274, 0.8899 41.6274, 0.8899 41.6274, 0.8899 41.6274, 0.8899 41.6274, 0.8899 41.6274, 0.8899 41.6274, 0.8899 41.6274, 0.8899 41.6274, 0.8899 41.6274, 0.8899 41.6274, 0.8899 41.6274, 0.8899 41.6274, 0.8899 41.6274, 0.8899 41.6274, 0.8899 41.6274, 0.8899 41.6274, 0.8899 41.6274, 0.8899 41.6274, 0.8899 41.6274, 0.8899 41.6274, 0.8899 41.6274, 0.8899 41.6274, 0.8899 41.6274, 0.8899 41.6274, 0.8899 41.6274, 0.8899 41.6274))",CC-25137PE0028-25137CI0028,CTTI,6c20,CC,17,CTTI
"MULTILINESTRING ((0.8852 41.6247, 0.8853 41.6246))",MR-25137PE0019-25137PE0033,CTTI,6c20,MR,15,CTTI
"MULTILINESTRING ((0.89 41.6343, 0.89 41.6343, 0.89 41.6343, 0.89 41.6343, 0.89 41.6343, 0.89 41.6343, 0.89 41.6343, 0.89 41.6343, 0.89 41.6343, 0.89 41.6343, 0.89 41.6343, 0.89 41.6343, 0.89 41.6343, 0.89 41.6343, 0.89 41.6343, 0.89 41.6343, 0.89 41.6343, 0.89 41.6343, 0.89 41.6343, 0.89 41.6343, 0.89 41.6343, 0.89 41.6343, 0.89 41.6343, 0.89 41.6343, 0.89 41.6343, 0.89 41.6343, 0.89 41.6343, 0.89 41.6343, 0.89 41.6343, 0.89 41.6343, 0.89 41.6343, 0.89 41.6343, 0.89 41.6343, 0.89 41.6343, 0.89 41.6343, 0.89 41.6343, 0.8901 41.6344, 0.8901 41.6344))",CC-25137PE0018-25137PE4022,CTTI,6c20,CC,13,CTTI
"MULTILINESTRING ((0.887 41.6398, 0.887 41.6398, 0.887 41.6397, 0.8871 41.6396, 0.8871 41.6396, 0.8871 41.6396, 0.8871 41.6396, 0.8871 41.6396, 0.8871 41.6396, 0.8871 41.6396, 0.8871 41.6396, 0.8871 41.6396, 0.8871 41.6396, 0.8871 41.6396, 0.8871 41.6396, 0.8871 41.6396, 0.8871 41.6396, 0.8871 41.6396, 0.8871 41.6396, 0.8871 41.6396, 0.8871 41.6396, 0.8871 41.6396, 0.8871 41.6396, 0.8871 41.6396, 0.8871 41.6396, 0.8871 41.6396, 0.8871 41.6396, 0.8871 41.6396, 0.8871 41.6396, 0.8871 41.6396, 0.8871 41.6396, 0.8871 41.6396, 0.8871 41.6396, 0.8871 41.6396, 0.8871 41.6396, 0.8871 41.6396, 0.8871 41.6396, 0.8871 41.6396, 0.8871 41.6396, 0.8871 41.6396, 0.8871 41.6396, 0.8871 41.6396, 0.8871 41.6396, 0.8871 41.6396, 0.8871 41.6396, 0.8871 41.6396, 0.8871 41.6396, 0.8871 41.6396, 0.8871 41.6396, 0.8871 41.6396, 0.8871 41.6396, 0.8871 41.6396))",MR-25137CI0015-25137PE0015,CTTI,6c20,MR,22,CTTI
"MULTILINESTRING ((0.8871 41.6396, 0.8871 41.6396, 0.8871 41.6396, 0.8871 41.6396, 0.8871 41.6396, 0.8871 41.6396, 0.8871 41.6396, 0.8871 41.6396, 0.8871 41.6396, 0.8871 41.6396, 0.8871 41.6396, 0.8871 41.6396, 0.8871 41.6396, 0.8871 41.6396, 0.8871 41.6396, 0.8871 41.6396, 0.8871 41.6396, 0.8871 41.6396, 0.8871 41.6396, 0.8871 41.6396, 0.8871 41.6396, 0.8871 41.6396, 0.8871 41.6396, 0.8871 41.6396, 0.8871 41.6396, 0.8871 41.6396, 0.8871 41.6396, 0.8871 41.6396, 0.8871 41.6396, 0.8871 41.6396, 0.8871 41.6396, 0.8871 41.6396, 0.8871 41.6396, 0.8871 41.6396, 0.8871 41.6396, 0.8871 41.6396, 0.8871 41.6396, 0.8871 41.6396, 0.8871 41.6396, 0.8871 41.6396, 0.8871 41.6396, 0.8871 41.6396, 0.8871 41.6396, 0.8871 41.6396, 0.8871 41.6396, 0.8871 41.6396, 0.8871 41.6396, 0.8871 41.6396, 0.8875 41.6388, 0.8876 41.6387, 0.8876 41.6386, 0.8877 41.6385, 0.8877 41.6384, 0.8878 41.6383, 0.8879 41.6382, 0.8879 41.6382, 0.8879 41.6382, 0.8879 41.6382, 0.8879 41.6382, 0.8879 41.6382, 0.8879 41.6382, 0.8879 41.6382, 0.8879 41.6382, 0.8879 41.6382, 0.8879 41.6382, 0.8879 41.6382, 0.8879 41.6382, 0.8879 41.6382, 0.8879 41.6382, 0.8879 41.6382, 0.8879 41.6382, 0.8879 41.6382, 0.8879 41.6382, 0.8879 41.6382, 0.8879 41.6382, 0.8879 41.6382, 0.8879 41.6382, 0.8879 41.6382, 0.8879 41.6382, 0.8879 41.6382, 0.8879 41.6382, 0.8879 41.6382, 0.8879 41.6382, 0.8879 41.6382, 0.8879 41.6382, 0.8879 41.6382, 0.8879 41.6382, 0.8879 41.6382, 0.8879 41.6382, 0.8879 41.6382, 0.8879 41.6382, 0.8879 41.6382, 0.8879 41.6382, 0.8879 41.6382, 0.8879 41.6382, 0.8879 41.6382, 0.8879 41.6382, 0.8879 41.6382, 0.8879 41.6382, 0.8879 41.6382, 0.8879 41.6382, 0.8879 41.6382, 0.8879 41.6382, 0.8879 41.6382))",MR-25137PE0015-25137PE0016,CTTI,6c20,MR,168,CTTI
"MULTILINESTRING ((0.8879 41.6382, 0.8879 41.6382, 0.8879 41.6382, 0.8879 41.6382, 0.8879 41.6382, 0.8879 41.6382, 0.8879 41.6382, 0.8879 41.6382, 0.8879 41.6382, 0.8879 41.6382, 0.8879 41.6382, 0.8879 41.6382, 0.8879 41.6382, 0.8879 41.6382, 0.8879 41.6382, 0.8879 41.6382, 0.8879 41.6382, 0.8879 41.6382, 0.8879 41.6382, 0.8879 41.6382, 0.8879 41.6382, 0.8879 41.6382, 0.8879 41.6382, 0.8879 41.6382, 0.8879 41.6382, 0.8879 41.6382, 0.8879 41.6382, 0.8879 41.6382, 0.8879 41.6382, 0.8879 41.6382, 0.8879 41.6382, 0.8879 41.6382, 0.8879 41.6382, 0.8879 41.6382, 0.8879 41.6382, 0.8879 41.6382, 0.8879 41.6382, 0.8879 41.6382, 0.8879 41.6382, 0.8879 41.6382, 0.8879 41.6382, 0.8879 41.6382, 0.8879 41.6382, 0.8879 41.6382, 0.8879 41.6382, 0.8879 41.6382, 0.8879 41.6382, 0.888 41.638, 0.888 41.6379, 0.8882 41.6377, 0.8884 41.6374, 0.8885 41.6372, 0.8887 41.6368, 0.8888 41.6367, 0.8889 41.6365, 0.8889 41.6365, 0.8889 41.6365, 0.8889 41.6365, 0.8889 41.6365, 0.8889 41.6365, 0.8889 41.6365, 0.8889 41.6365, 0.8889 41.6365, 0.8889 41.6365, 0.8889 41.6365, 0.8889 41.6365, 0.8889 41.6365, 0.8889 41.6365, 0.8889 41.6365, 0.8889 41.6365, 0.8889 41.6365, 0.8889 41.6365, 0.8889 41.6365, 0.8889 41.6365, 0.8889 41.6365, 0.8889 41.6365, 0.8889 41.6365, 0.8889 41.6365, 0.8889 41.6365, 0.8889 41.6365, 0.8889 41.6365, 0.8889 41.6365, 0.8889 41.6365, 0.8889 41.6365, 0.8889 41.6365, 0.8889 41.6365, 0.8889 41.6365, 0.8889 41.6365, 0.8889 41.6365, 0.8889 41.6365, 0.8889 41.6365, 0.8889 41.6365, 0.8889 41.6365, 0.8889 41.6365, 0.8889 41.6365, 0.8889 41.6365, 0.8889 41.6365, 0.8889 41.6365, 0.8889 41.6365, 0.8889 41.6365, 0.8889 41.6365, 0.8889 41.6365, 0.8889 41.6365))",MR-25137PE0016-25137PE0017,CTTI,6c20,MR,207,CTTI
"MULTILINESTRING ((0.8864 41.6413, 0.8863 41.6413, 0.8863 41.6413, 0.8863 41.6412, 0.8863 41.6412, 0.8866 41.6407, 0.8869 41.6401, 0.8869 41.6401, 0.8869 41.6401, 0.8869 41.6401, 0.8869 41.6401, 0.8869 41.6401, 0.8869 41.6401, 0.8869 41.6401, 0.8869 41.6401, 0.8869 41.6401, 0.8869 41.6401, 0.8869 41.6401, 0.8869 41.6401, 0.8869 41.6401, 0.8869 41.6401, 0.8869 41.6401, 0.8869 41.6401, 0.8869 41.6401, 0.8869 41.6401, 0.8869 41.6401, 0.8869 41.6401, 0.8869 41.6401, 0.8869 41.6401, 0.8869 41.6401, 0.8869 41.6401, 0.8869 41.6401, 0.8869 41.6401, 0.8869 41.6401, 0.8869 41.6401, 0.8869 41.6401, 0.8869 41.6401, 0.8869 41.6401, 0.8869 41.6401, 0.8869 41.6401, 0.8869 41.6401, 0.8869 41.6401, 0.8869 41.6401, 0.8869 41.6401, 0.8869 41.6401, 0.8869 41.6401, 0.887 41.64, 0.887 41.64, 0.887 41.64, 0.887 41.64, 0.887 41.64, 0.887 41.64, 0.887 41.64, 0.887 41.64, 0.887 41.64, 0.887 41.64, 0.887 41.64, 0.887 41.64, 0.887 41.64, 0.887 41.64, 0.887 41.64, 0.887 41.64, 0.887 41.64, 0.887 41.64, 0.887 41.64, 0.887 41.64, 0.887 41.64, 0.887 41.64, 0.887 41.64, 0.887 41.64, 0.887 41.64, 0.887 41.64, 0.887 41.64, 0.887 41.64, 0.887 41.64, 0.887 41.64, 0.887 41.64, 0.887 41.64, 0.887 41.64))",MR-25137PE4011-25137PE0014,CTTI,6c20,MR,157,CTTI
